Num of Anchor; Time [ms]; Data Anchor; RX
1780 ; 122471.0;8.07;-57.53;-76.24;190.359
1780 ; 374849.0;7.99;-55.39;-79.456;198.548
1780 ; 375977.0;8.0;-55.18;-79.034;184.25
1780 ; 377104.0;8.01;-54.63;-77.714;151.771
1780 ; 378231.0;8.01;-54.84;-79.345;148.05
1780 ; 379359.0;8.04;-55.07;-79.433;204.825
1780 ; 380487.0;8.01;-55.44;-77.25;196.619
1780 ; 381615.0;7.99;-55.35;-79.429;162.779
1780 ; 382742.0;8.0;-55.04;-76.335;159.481
1780 ; 383767.0;7.97;-55.06;-80.715;156.042
1780 ; 384996.0;8.01;-55.03;-78.704;179.125
1780 ; 386123.0;8.0;-55.16;-81.287;163.37
1780 ; 387249.0;8.02;-55.05;-81.122;170.114
1780 ; 388377.0;8.02;-55.3;-79.574;139.635
1780 ; 389504.0;8.0;-54.96;-80.826;177.304
1780 ; 390631.0;7.99;-54.99;-80.434;186.833
1780 ; 391758.0;8.02;-55.32;-79.865;158.348
1780 ; 392885.0;8.04;-55.26;-80.139;180.33
1780 ; 393910.0;7.98;-54.82;-78.916;163.46
1780 ; 395139.0;8.01;-55.43;-80.293;165.148
1780 ; 396266.0;7.99;-54.99;-79.202;194.829
1780 ; 397291.0;8.02;-55.05;-80.211;172.56
1780 ; 398520.0;7.99;-54.95;-78.336;207.75
1780 ; 399647.0;8.0;-54.76;-78.382;149.62
1780 ; 400774.0;7.98;-55.13;-79.506;183.284
1780 ; 401901.0;8.01;-55.87;-78.511;151.76
1780 ; 403028.0;8.01;-54.94;-80.164;150.048
1780 ; 404155.0;7.99;-55.63;-78.733;182.739
1780 ; 405282.0;8.02;-55.43;-79.892;174.913
1780 ; 406409.0;8.02;-55.44;-80.611;158.894
1780 ; 407434.0;8.0;-55.21;-79.121;167.125
1780 ; 408663.0;7.99;-55.3;-82.445;140.021
1780 ; 409790.0;8.0;-55.14;-79.543;192.636
1780 ; 410917.0;7.99;-55.31;-79.038;156.854
1780 ; 412044.0;7.98;-55.02;-79.314;187.0
1780 ; 413171.0;8.0;-55.34;-78.976;210.592
1780 ; 414298.0;7.99;-55.1;-79.934;182.17
1780 ; 415425.0;8.01;-55.34;-78.832;176.946
1780 ; 416552.0;7.98;-55.51;-78.571;190.655
1780 ; 417679.0;7.99;-55.28;-76.678;175.125
1780 ; 418806.0;8.04;-55.75;-76.777;189.432
1780 ; 419933.0;8.0;-55.7;-75.795;205.607
1780 ; 421060.0;7.98;-55.71;-77.545;175.63
1780 ; 422187.0;8.04;-55.48;-81.018;201.587
1780 ; 423314.0;8.0;-55.1;-79.278;215.597
1780 ; 424441.0;7.99;-55.35;-79.797;182.386
1780 ; 425567.0;8.0;-54.82;-79.274;188.81
1780 ; 426695.0;8.0;-55.78;-78.036;179.786
1780 ; 427822.0;7.98;-55.4;-77.96;154.08
1780 ; 428949.0;8.03;-55.45;-79.21;194.988
1780 ; 430076.0;7.99;-55.58;-78.863;159.615
1780 ; 431101.0;8.02;-55.68;-79.024;166.891
1780 ; 432330.0;7.98;-55.48;-79.559;177.196
1780 ; 433457.0;8.01;-56.17;-79.969;181.409
1780 ; 434584.0;8.02;-55.3;-79.028;211.1
1780 ; 435711.0;7.95;-55.98;-77.739;188.193
1780 ; 436838.0;8.31;-56.83;-83.875;165.068
1780 ; 437965.0;7.99;-56.13;-79.15;158.11
1780 ; 439092.0;7.99;-55.65;-79.15;147.241
1780 ; 440219.0;8.0;-55.8;-79.093;175.542
1780 ; 441346.0;8.0;-55.44;-78.774;188.307
1780 ; 442473.0;8.0;-55.28;-79.398;180.457
1780 ; 443600.0;8.02;-55.5;-79.752;181.716
1780 ; 444727.0;7.99;-55.63;-80.271;188.905
1780 ; 445854.0;8.02;-56.0;-78.936;186.543
1780 ; 446981.0;7.97;-55.27;-79.87;175.935
1780 ; 448108.0;7.99;-56.08;-78.0;191.357
1780 ; 449235.0;8.03;-55.37;-78.633;189.0
1780 ; 450362.0;7.98;-55.78;-79.283;215.75
1780 ; 451489.0;8.02;-55.54;-77.394;156.021
1780 ; 452616.0;7.99;-55.72;-79.851;204.329
1780 ; 453743.0;7.99;-54.99;-79.765;169.979
1780 ; 454768.0;8.03;-55.87;-79.551;151.979
1780 ; 455997.0;8.0;-55.82;-78.797;187.988
1780 ; 457124.0;7.98;-55.86;-78.581;210.15
1780 ; 458251.0;7.97;-55.61;-79.476;157.635
1780 ; 459378.0;8.01;-55.57;-78.666;179.052
1780 ; 460505.0;8.0;-55.76;-80.826;142.08
1780 ; 461631.0;7.98;-55.74;-79.798;164.073
1780 ; 462759.0;8.02;-55.76;-79.763;194.312
1780 ; 463886.0;7.99;-55.24;-80.575;195.833
1780 ; 465013.0;7.99;-55.33;-79.488;193.155
1780 ; 466140.0;7.99;-55.39;-79.111;199.417
1780 ; 467267.0;7.98;-55.9;-80.001;178.863
1780 ; 468394.0;8.0;-55.51;-79.088;176.969
1780 ; 469521.0;8.02;-54.92;-78.443;231.458
1780 ; 470648.0;7.99;-55.76;-79.65;183.667
1780 ; 471775.0;8.33;-57.51;-79.069;229.208
1780 ; 472902.0;7.98;-55.39;-78.784;212.5
1780 ; 474029.0;7.99;-55.54;-81.723;207.75
1780 ; 475156.0;8.01;-55.32;-78.451;166.844
1780 ; 476283.0;8.05;-56.2;-79.548;181.902
1780 ; 477410.0;8.01;-55.2;-78.59;205.987
1780 ; 478435.0;7.99;-55.3;-80.925;167.886
1780 ; 479664.0;8.01;-55.9;-80.562;214.861
1780 ; 480791.0;7.98;-55.48;-78.855;178.5
1780 ; 481918.0;8.0;-55.16;-80.904;183.474
1780 ; 483045.0;8.02;-55.51;-79.493;175.698
1780 ; 484171.0;7.87;-55.23;-81.211;211.667
1780 ; 485298.0;8.01;-55.41;-78.918;178.25
1780 ; 486426.0;8.01;-55.7;-79.178;204.837
1780 ; 487553.0;8.03;-55.13;-79.889;217.236
1780 ; 488680.0;7.99;-54.83;-78.705;179.217
1780 ; 489807.0;8.02;-54.86;-78.895;213.25
1780 ; 490934.0;7.99;-54.61;-80.989;159.989
1780 ; 492061.0;8.04;-54.86;-82.892;182.306
1780 ; 493188.0;7.98;-55.17;-80.123;208.236
1780 ; 494315.0;7.99;-55.5;-80.616;158.91
1780 ; 495442.0;8.01;-55.4;-78.406;210.987
1780 ; 496569.0;7.99;-55.52;-78.886;192.571
1780 ; 497696.0;8.0;-56.08;-81.338;198.0
1780 ; 498823.0;7.99;-56.4;-81.273;175.826
1780 ; 499950.0;8.03;-56.29;-79.558;254.422
1780 ; 501077.0;7.98;-55.85;-76.155;288.783
1780 ; 502102.0;7.98;-56.08;-77.348;247.031
1780 ; 503331.0;8.05;-54.87;-80.231;210.014
1780 ; 504458.0;8.06;-55.28;-80.212;155.548
1780 ; 505585.0;8.09;-56.03;-89.327;79.646
1780 ; 506712.0;8.19;-56.35;-81.901;210.417
1780 ; 507839.0;8.13;-56.6;-85.722;108.25
1780 ; 508966.0;8.09;-56.2;-88.601;72.306
1780 ; 510093.0;8.33;-55.9;-87.828;72.163
1780 ; 511220.0;8.15;-56.04;-91.161;60.489
1780 ; 512347.0;8.05;-56.44;-88.817;57.982
1780 ; 513474.0;8.35;-55.9;-76.134;166.231
1780 ; 514602.0;8.16;-56.1;-88.252;82.5
1780 ; 515729.0;8.09;-56.3;-88.138;66.89
1780 ; 516855.0;8.1;-55.97;-88.448;69.738
1780 ; 517982.0;8.0;-55.61;-88.734;52.241
1780 ; 519110.0;8.01;-56.36;-88.79;53.133
1780 ; 520237.0;8.06;-56.4;-88.925;49.384
1780 ; 521364.0;7.96;-56.21;-77.112;189.284
1780 ; 522491.0;8.14;-56.44;-88.666;46.05
1780 ; 523618.0;8.02;-56.02;-90.132;44.729
1780 ; 524745.0;8.15;-57.13;-89.749;32.089
1780 ; 525770.0;8.06;-55.41;-89.505;34.26
1780 ; 526999.0;7.99;-56.66;-78.533;161.356
1780 ; 528126.0;8.39;-55.65;-92.966;36.774
1780 ; 529253.0;8.39;-55.86;-76.949;178.86
1780 ; 530381.0;8.04;-56.76;-90.556;26.69
1780 ; 531508.0;8.06;-55.92;-76.373;190.318
1780 ; 532635.0;8.05;-56.35;-78.149;154.58
1780 ; 533763.0;7.99;-56.68;-94.143;34.825
1780 ; 534890.0;7.98;-55.92;-89.341;55.812
1780 ; 536017.0;8.36;-55.64;-89.161;31.87
1780 ; 537144.0;7.95;-56.27;-78.044;172.927
1780 ; 538272.0;8.0;-55.21;-77.098;220.8
1780 ; 539399.0;8.37;-55.67;-95.09;38.697
1780 ; 540526.0;8.0;-55.35;-89.874;37.356
1780 ; 541653.0;8.38;-54.63;-89.19;24.933
1780 ; 542781.0;7.96;-57.42;-78.071;168.75
1780 ; 543908.0;7.98;-57.64;-89.832;32.702
1780 ; 545035.0;8.01;-55.7;-76.541;193.295
1780 ; 546163.0;7.99;-54.77;-75.562;186.902
1780 ; 547290.0;7.92;-57.34;-76.62;188.62
1780 ; 548418.0;7.93;-55.06;-89.481;27.323
1780 ; 549443.0;7.94;-55.48;-88.876;31.208
1780 ; 550673.0;8.36;-55.03;-88.799;41.452
1780 ; 551800.0;8.01;-54.78;-75.942;213.45
1780 ; 552928.0;7.89;-57.47;-94.675;37.0
1780 ; 554055.0;8.0;-55.35;-93.832;41.688
1780 ; 555182.0;7.95;-56.55;-90.063;27.648
1780 ; 556310.0;8.35;-55.1;-78.923;134.491
1780 ; 557437.0;8.17;-55.06;-94.401;35.236
1780 ; 558564.0;8.36;-56.3;-95.307;32.566
1780 ; 559691.0;7.9;-56.71;-96.902;37.274
1780 ; 560818.0;7.92;-56.27;-90.224;29.125
1780 ; 561945.0;8.34;-55.13;-95.616;33.458
1780 ; 563072.0;8.34;-56.04;-98.743;38.391
1780 ; 564199.0;8.01;-55.14;-98.741;33.435
1780 ; 565326.0;7.93;-55.03;-98.604;36.386
1780 ; 566453.0;7.9;-54.94;-88.354;32.478
1780 ; 567580.0;7.96;-57.01;-99.123;29.536
1780 ; 568706.0;7.96;-56.29;-89.264;27.46
1780 ; 569732.0;8.36;-55.19;-88.888;23.812
1780 ; 570961.0;7.95;-56.41;-76.356;205.288
1780 ; 572088.0;7.95;-56.95;-76.783;143.914
1780 ; 573113.0;8.35;-55.42;-89.213;22.815
1780 ; 574342.0;8.0;-56.09;-88.674;20.92
1780 ; 575469.0;7.99;-56.13;-89.199;29.268
1780 ; 576596.0;7.98;-55.09;-98.661;40.487
1780 ; 577723.0;7.98;-54.71;-89.194;36.162
1780 ; 578850.0;7.93;-56.31;-76.444;165.824
1780 ; 579977.0;7.92;-55.7;-88.895;22.25
1780 ; 581104.0;8.37;-54.62;-89.253;30.058
1780 ; 582231.0;8.37;-55.29;-78.057;131.558
1780 ; 583256.0;8.0;-56.61;-76.258;151.527
1780 ; 584485.0;8.37;-56.24;-76.67;138.544
1780 ; 585612.0;8.52;-56.78;-98.745;25.102
1780 ; 586739.0;8.53;-55.84;-89.465;31.529
1780 ; 587866.0;8.31;-57.83;-75.241;113.5
1780 ; 588993.0;7.99;-54.72;-80.919;103.271
1780 ; 590119.0;8.34;-56.11;-90.002;27.317
1780 ; 591247.0;8.37;-55.31;-88.777;21.038
1780 ; 592374.0;8.03;-55.54;-89.586;34.64
1780 ; 593500.0;8.53;-54.71;-89.595;31.694
1780 ; 594628.0;7.99;-56.38;-88.701;33.49
1780 ; 595755.0;7.93;-54.54;-76.841;150.233
1780 ; 596780.0;8.57;-55.96;-78.775;136.089
1780 ; 598009.0;8.37;-54.47;-88.718;37.157
1780 ; 599136.0;8.37;-55.44;-76.496;139.35
1780 ; 600263.0;8.04;-54.23;-76.219;194.793
1780 ; 601390.0;8.36;-55.05;-88.767;37.0
1780 ; 602517.0;8.33;-57.51;-74.893;149.325
1780 ; 603644.0;8.33;-56.61;-88.707;29.214
1780 ; 604770.0;7.99;-56.35;-79.574;213.587
1780 ; 605897.0;8.35;-55.17;-78.146;140.888
1780 ; 607025.0;8.36;-55.8;-75.548;191.87
1780 ; 608152.0;8.38;-57.36;-76.793;151.536
1780 ; 609279.0;8.33;-54.97;-76.546;254.294
1780 ; 610406.0;8.33;-57.58;-77.95;144.268
1780 ; 611533.0;8.58;-58.16;-79.135;129.129
1780 ; 612660.0;8.16;-55.55;-77.453;217.539
1780 ; 613787.0;8.35;-55.9;-75.009;154.134
1780 ; 614914.0;8.37;-55.44;-78.238;128.708
1780 ; 616041.0;8.37;-55.23;-75.647;192.693
1780 ; 617168.0;8.35;-54.85;-77.268;190.174
1780 ; 618295.0;8.34;-56.12;-75.025;151.466
1780 ; 619422.0;8.34;-56.25;-76.217;168.898
1780 ; 620447.0;8.31;-55.85;-75.843;214.688
1780 ; 621677.0;8.35;-56.29;-91.14;26.022
1780 ; 622804.0;8.31;-56.27;-75.751;167.019
1780 ; 623931.0;8.37;-62.4;-78.695;130.608
1780 ; 625058.0;8.56;-57.03;-78.775;162.51
1780 ; 626185.0;8.34;-57.76;-77.379;182.104
1780 ; 627209.0;8.33;-73.51;-76.546;180.54
1780 ; 628439.0;8.4;-55.64;-77.28;165.759
1780 ; 629566.0;8.38;-55.99;-74.919;166.788
1780 ; 630693.0;8.38;-56.33;-76.904;189.795
1780 ; 631820.0;8.36;-57.28;-76.623;154.194
1780 ; 632947.0;8.3;-57.2;-77.577;226.237
1780 ; 634074.0;8.39;-56.27;-77.299;209.19
1780 ; 635201.0;8.37;-55.67;-77.085;204.5
1780 ; 636328.0;8.35;-55.12;-81.087;174.682
1780 ; 637454.0;8.36;-56.95;-77.978;203.155
1780 ; 638582.0;8.37;-55.35;-77.771;244.147
1780 ; 639709.0;8.29;-57.7;-76.654;206.56
1780 ; 640836.0;8.35;-55.96;-77.507;184.391
1780 ; 641963.0;8.58;-56.83;-76.308;214.962
1780 ; 643090.0;8.36;-57.42;-79.868;200.821
1780 ; 644115.0;8.32;-56.8;-77.69;273.383
1780 ; 645344.0;8.36;-55.67;-75.506;196.06
1780 ; 646471.0;8.37;-56.35;-93.616;10.898
1780 ; 647598.0;8.58;-56.38;-76.159;224.658
1780 ; 648725.0;8.37;-55.02;-76.944;194.239
1780 ; 649852.0;8.35;-56.33;-77.317;177.979
1780 ; 650979.0;8.55;-57.69;-77.773;212.048
1780 ; 652106.0;8.32;-57.03;-76.139;195.033
1780 ; 653233.0;8.4;-56.6;-76.584;186.99
1780 ; 654360.0;8.36;-56.37;-76.823;241.303
1780 ; 655487.0;8.37;-56.18;-77.386;215.312
1780 ; 656614.0;8.36;-55.01;-76.62;197.536
1780 ; 657741.0;7.92;-55.12;-77.881;185.034
1780 ; 658868.0;8.35;-57.15;-77.882;228.306
1780 ; 659995.0;8.52;-56.23;-74.953;236.319
1780 ; 661121.0;8.37;-55.06;-80.286;163.271
1780 ; 662249.0;8.29;-56.78;-79.328;242.353
1780 ; 663274.0;8.54;-56.54;-76.453;209.929
1780 ; 664503.0;8.57;-55.65;-75.902;192.696
1780 ; 665629.0;8.51;-56.88;-91.415;27.0
1780 ; 666757.0;8.77;-57.06;-77.276;221.137
1780 ; 667782.0;8.33;-57.13;-76.267;230.118
1780 ; 669011.0;8.33;-55.78;-77.626;246.015
1780 ; 670137.0;8.32;-57.08;-77.881;162.27
1780 ; 671265.0;8.51;-56.9;-76.161;153.914
1780 ; 672392.0;8.33;-56.8;-76.23;209.5
1780 ; 673519.0;8.37;-55.34;-76.701;206.4
1780 ; 674646.0;8.34;-55.53;-78.809;157.552
1780 ; 675773.0;8.35;-56.6;-77.007;172.979
1780 ; 676900.0;8.58;-55.23;-76.125;170.135
1780 ; 678028.0;8.58;-57.29;-77.885;174.281
1780 ; 679155.0;8.37;-55.95;-76.341;186.565
1780 ; 680282.0;8.72;-57.51;-78.238;163.41
1780 ; 681409.0;8.38;-56.48;-77.154;181.924
1780 ; 682536.0;8.34;-57.54;-75.614;185.424
1780 ; 683663.0;8.33;-57.51;-76.015;196.989
1780 ; 684790.0;8.55;-57.46;-75.751;232.222
1780 ; 685918.0;8.31;-56.09;-76.506;178.708
1780 ; 687045.0;8.32;-57.33;-76.296;206.625
1780 ; 688171.0;7.96;-57.12;-78.186;157.25
1780 ; 689299.0;8.57;-55.86;-76.925;175.19
1780 ; 690425.0;8.37;-57.18;-76.629;201.452
1780 ; 691451.0;8.35;-57.02;-76.741;186.413
1780 ; 692680.0;8.37;-55.49;-76.799;188.489
1780 ; 693807.0;8.34;-56.68;-76.46;257.422
1780 ; 694934.0;8.36;-55.54;-75.882;252.118
1780 ; 696062.0;8.32;-57.6;-78.569;145.352
1780 ; 697188.0;8.35;-57.88;-76.802;166.587
1780 ; 698315.0;8.36;-57.63;-76.507;188.667
1780 ; 699442.0;8.36;-55.86;-76.048;232.671
1780 ; 700467.0;8.53;-57.41;-77.07;171.14
1780 ; 701697.0;8.35;-56.84;-79.268;182.774
1780 ; 702825.0;8.37;-56.65;-77.128;174.99
1780 ; 703953.0;8.33;-57.25;-79.053;186.682
1780 ; 705081.0;8.56;-57.6;-76.365;187.533
1780 ; 706209.0;8.59;-57.55;-78.23;204.592
1780 ; 707336.0;8.14;-56.82;-79.913;175.239
1780 ; 708463.0;8.36;-55.64;-76.384;254.044
1780 ; 709591.0;8.31;-57.07;-76.028;221.539
1780 ; 710718.0;8.37;-55.69;-77.223;183.15
1780 ; 711845.0;8.55;-55.87;-77.48;230.569
1780 ; 712972.0;8.35;-56.91;-76.654;167.157
1780 ; 714099.0;8.36;-55.79;-76.021;193.609
1780 ; 715125.0;8.36;-56.23;-76.601;262.031
1780 ; 716354.0;8.32;-57.06;-77.786;167.042
1780 ; 717481.0;8.39;-55.33;-80.354;167.99
1780 ; 718609.0;8.37;-56.04;-79.275;185.012
1780 ; 719737.0;8.37;-56.26;-91.99;15.265
1780 ; 720865.0;8.31;-56.94;-91.01;26.903
1780 ; 721992.0;8.54;-56.67;-76.319;194.318
1780 ; 723119.0;8.56;-56.03;-77.52;173.75
1780 ; 724246.0;8.35;-56.45;-75.647;198.011
1780 ; 725372.0;8.37;-56.82;-77.009;164.702
1780 ; 726500.0;8.35;-55.94;-76.359;207.31
1780 ; 727627.0;8.34;-56.84;-76.678;244.111
1780 ; 728754.0;8.35;-56.12;-78.408;220.583
1780 ; 729881.0;8.37;-56.16;-77.019;207.087
1780 ; 730804.0;8.39;-55.9;-76.056;248.333
1780 ; 732135.0;8.37;-56.73;-102.44;28.514
1780 ; 733262.0;8.36;-55.44;-76.012;243.139
1780 ; 734389.0;8.37;-56.35;-76.603;228.566
1780 ; 735515.0;8.36;-56.93;-75.835;184.698
1780 ; 736643.0;8.58;-56.6;-76.415;182.792
1780 ; 737770.0;8.53;-56.74;-78.799;204.663
1780 ; 738795.0;8.57;-56.67;-76.412;194.432
1780 ; 740024.0;8.6;-56.48;-77.019;197.643
1780 ; 741151.0;8.76;-57.02;-79.577;196.637
1780 ; 742278.0;8.37;-56.33;-77.442;200.102
1780 ; 743405.0;7.95;-55.68;-76.73;181.25
1780 ; 744532.0;8.38;-55.78;-79.066;170.793
1780 ; 745659.0;8.37;-56.26;-75.894;220.038
1780 ; 746786.0;8.37;-57.09;-76.295;208.524
1780 ; 747811.0;8.36;-56.26;-79.028;180.568
1780 ; 749040.0;8.55;-56.73;-77.308;227.671
1780 ; 750065.0;8.37;-56.67;-77.178;218.303
1780 ; 751294.0;8.37;-56.7;-76.492;222.4
1780 ; 752421.0;8.36;-57.01;-76.473;240.014
1780 ; 753548.0;8.54;-56.61;-77.112;233.889
1780 ; 754675.0;8.35;-56.5;-76.592;201.989
1780 ; 755802.0;8.32;-56.43;-76.226;189.109
1780 ; 756930.0;8.37;-55.59;-76.979;183.312
1780 ; 758057.0;8.36;-56.41;-80.337;167.023
1780 ; 759184.0;8.37;-56.87;-79.241;176.693
1780 ; 760311.0;8.35;-57.07;-79.062;170.36
1780 ; 761438.0;8.49;-57.92;-81.356;214.908
1780 ; 762463.0;8.1;-57.15;-79.92;273.875
1780 ; 763692.0;7.98;-56.34;-77.048;199.214
1780 ; 764819.0;8.55;-56.9;-103.516;26.5
1780 ; 765946.0;8.37;-56.46;-78.432;210.525
1780 ; 767073.0;8.57;-56.39;-76.553;262.353
1780 ; 768199.0;8.34;-57.24;-96.387;15.364
1780 ; 769326.0;8.32;-56.18;-77.819;191.625
1780 ; 770454.0;8.56;-56.51;-76.417;190.455
1780 ; 771581.0;8.29;-57.17;-77.15;187.443
1780 ; 772708.0;8.35;-56.8;-79.462;163.022
1780 ; 773835.0;8.35;-57.25;-104.104;30.574
1780 ; 774962.0;8.35;-56.05;-76.064;196.466
1780 ; 776089.0;8.35;-56.88;-76.349;242.944
1780 ; 777216.0;8.39;-56.29;-77.269;209.25
1780 ; 778343.0;8.31;-56.75;-79.75;188.312
1780 ; 779470.0;8.55;-56.88;-76.756;188.057
1780 ; 780597.0;8.57;-56.51;-78.791;180.511
1780 ; 781724.0;8.56;-57.23;-76.612;194.076
1780 ; 782851.0;8.37;-56.89;-77.732;233.632
1780 ; 783978.0;8.34;-56.36;-78.008;240.441
1780 ; 785104.0;8.3;-56.79;-76.403;245.042
1780 ; 786129.0;8.33;-56.43;-93.628;5.014
1780 ; 787358.0;8.32;-56.78;-76.419;253.382
1780 ; 788485.0;8.57;-57.31;-76.904;197.0
1780 ; 789612.0;8.55;-56.62;-76.511;216.062
1780 ; 790739.0;7.93;-56.03;-77.156;196.648
1780 ; 791866.0;8.53;-57.22;-77.363;188.522
1780 ; 792993.0;8.35;-57.21;-77.823;230.474
1780 ; 794120.0;8.76;-57.04;-77.291;191.398
1780 ; 795247.0;8.34;-56.87;-78.589;189.163
1780 ; 796374.0;8.35;-57.03;-78.916;184.467
1780 ; 797501.0;8.55;-57.44;-77.753;171.46
1780 ; 798628.0;8.36;-57.05;-79.136;165.52
1780 ; 799755.0;8.53;-56.94;-77.925;201.886
1780 ; 800882.0;8.58;-56.38;-77.135;169.6
1780 ; 802010.0;8.34;-56.58;-76.459;187.891
1780 ; 803136.0;8.41;-57.07;-75.601;165.433
1780 ; 804263.0;8.02;-59.78;-89.674;153.319
1780 ; 805390.0;8.49;-59.87;-77.948;296.017
1780 ; 806518.0;8.39;-59.71;-81.457;291.159
1780 ; 807644.0;8.16;-58.83;-79.937;216.958
1780 ; 808772.0;8.04;-55.55;-78.374;200.316
1780 ; 809796.0;8.53;-57.31;-90.078;97.578
1780 ; 811025.0;8.51;-56.21;-78.501;187.071
1780 ; 812153.0;8.62;-56.5;-76.708;259.147
1780 ; 813279.0;8.69;-56.46;-76.549;277.641
1780 ; 814406.0;8.62;-56.21;-79.674;161.448
1780 ; 815533.0;8.66;-56.03;-80.931;250.25
1780 ; 816660.0;8.51;-56.09;-77.022;188.467
1780 ; 817788.0;8.62;-56.83;-79.979;228.145
1780 ; 818915.0;8.6;-56.25;-77.91;169.7
1780 ; 820042.0;8.68;-56.4;-79.446;214.803
1780 ; 821168.0;8.59;-56.35;-76.373;183.229
1780 ; 822295.0;8.66;-56.31;-76.074;249.794
1780 ; 823422.0;8.68;-56.09;-76.541;190.283
1780 ; 824550.0;8.52;-55.97;-78.139;202.434
1780 ; 825676.0;8.56;-56.51;-77.204;233.0
1780 ; 826803.0;8.69;-56.51;-79.116;172.034
1780 ; 827930.0;8.67;-56.69;-76.243;183.337
1780 ; 829058.0;8.46;-56.72;-76.074;220.4
1780 ; 830184.0;8.69;-56.74;-77.552;166.444
1780 ; 831311.0;8.63;-56.42;-76.427;183.033
1780 ; 832438.0;8.55;-56.32;-76.616;238.861
1780 ; 833463.0;8.48;-56.94;-77.533;161.843
1780 ; 834693.0;8.68;-57.1;-79.917;167.207
1780 ; 835718.0;8.57;-56.7;-78.49;152.28
1780 ; 836946.0;8.43;-57.15;-75.621;197.75
1780 ; 838074.0;8.69;-56.85;-77.523;159.308
1780 ; 839200.0;8.68;-56.65;-76.76;243.153
1780 ; 840327.0;8.66;-57.25;-80.241;221.132
1780 ; 841455.0;8.64;-56.84;-76.626;183.652
1780 ; 842582.0;8.64;-56.73;-78.269;202.625
1780 ; 843709.0;8.56;-56.52;-77.813;245.765
1780 ; 844835.0;8.63;-56.87;-80.125;177.208
1780 ; 845963.0;8.43;-56.56;-76.644;178.24
1780 ; 847090.0;8.64;-56.89;-79.371;137.339
1780 ; 848216.0;8.64;-56.59;-75.779;229.013
1780 ; 849343.0;8.68;-56.75;-79.815;250.324
1780 ; 850470.0;8.35;-56.79;-76.225;216.663
1780 ; 851598.0;8.37;-56.73;-77.309;172.981
1780 ; 852724.0;8.59;-56.7;-76.611;241.458
1780 ; 853851.0;8.53;-57.14;-78.052;176.955
1780 ; 854978.0;8.41;-57.05;-80.022;232.708
1780 ; 856105.0;8.69;-56.76;-77.728;183.365
1780 ; 857132.0;8.37;-56.92;-77.797;205.143
1780 ; 858360.0;8.65;-56.72;-78.162;154.25
1780 ; 859487.0;8.67;-56.97;-76.603;175.45
1780 ; 860614.0;8.52;-56.64;-78.678;156.53
1780 ; 861742.0;8.67;-56.85;-76.517;243.208
1780 ; 862868.0;8.66;-57.11;-77.578;167.902
1780 ; 863995.0;8.52;-57.13;-78.256;179.024
1780 ; 865123.0;8.51;-56.78;-77.391;174.95
1780 ; 866251.0;8.52;-57.17;-77.787;164.27
1780 ; 867378.0;8.62;-57.42;-76.339;225.538
1780 ; 868505.0;8.55;-57.28;-75.945;227.684
1780 ; 869632.0;8.5;-56.85;-78.348;156.188
1780 ; 870760.0;8.63;-56.71;-76.583;231.211
1780 ; 871888.0;8.68;-57.57;-78.134;176.63
1780 ; 873016.0;8.36;-57.17;-79.971;193.413
1780 ; 874144.0;8.69;-56.95;-77.948;220.611
1780 ; 875272.0;8.67;-57.15;-78.036;205.079
1780 ; 876399.0;8.71;-56.81;-77.777;177.359
1780 ; 877526.0;8.51;-56.59;-77.124;189.098
1780 ; 878653.0;8.55;-56.69;-77.465;182.43
1780 ; 879781.0;8.59;-56.86;-76.752;222.882
1780 ; 880806.0;8.68;-56.46;-78.195;242.603
1780 ; 882035.0;8.51;-57.86;-77.159;228.625
1780 ; 883163.0;8.44;-57.39;-76.638;179.72
1780 ; 884290.0;8.66;-57.06;-77.658;215.474
1780 ; 885417.0;8.72;-56.93;-77.278;187.783
1780 ; 886545.0;8.67;-57.39;-79.732;245.206
1780 ; 887672.0;8.56;-56.6;-76.174;245.029
1780 ; 888799.0;8.67;-56.8;-77.73;173.95
1780 ; 889925.0;8.85;-58.21;-79.182;278.267
1780 ; 891053.0;8.61;-56.47;-80.738;258.094
1780 ; 892181.0;8.37;-56.92;-77.276;188.793
1780 ; 893309.0;8.62;-56.94;-76.3;213.712
1780 ; 894436.0;8.52;-56.79;-77.26;196.261
1780 ; 895562.0;8.53;-56.66;-78.074;199.119
1780 ; 896588.0;8.69;-57.27;-77.757;170.817
1780 ; 897817.0;8.52;-56.93;-77.531;227.487
1780 ; 898945.0;8.66;-57.04;-76.933;175.875
1780 ; 900072.0;8.67;-56.9;-78.571;184.978
1780 ; 901198.0;8.53;-57.08;-78.149;176.1
1780 ; 902325.0;8.58;-56.35;-78.493;212.688
1780 ; 903452.0;8.7;-56.69;-78.935;224.513
1780 ; 904477.0;8.68;-56.72;-77.163;173.42
1780 ; 905706.0;8.57;-56.2;-79.019;158.958
1780 ; 906834.0;8.6;-56.95;-77.393;264.516
1780 ; 907961.0;8.71;-57.13;-77.488;231.724
1780 ; 909088.0;8.34;-57.19;-78.327;151.663
1780 ; 910215.0;8.69;-57.5;-77.741;226.438
1780 ; 911342.0;8.63;-57.62;-76.933;171.844
1780 ; 912469.0;8.42;-57.45;-76.888;176.096
1780 ; 913596.0;8.68;-57.33;-77.518;231.65
1780 ; 914723.0;8.68;-56.77;-77.381;227.395
1780 ; 915850.0;8.58;-56.53;-77.296;241.842
1780 ; 916977.0;8.53;-57.02;-77.295;232.171
1780 ; 918104.0;8.69;-56.2;-76.841;234.653
1780 ; 919231.0;8.57;-57.0;-76.772;181.979
1780 ; 920358.0;8.43;-57.17;-76.213;198.548
1780 ; 921485.0;8.49;-57.49;-79.147;217.211
1780 ; 922612.0;8.65;-57.13;-78.448;219.842
1780 ; 923739.0;8.52;-57.41;-76.593;232.868
1780 ; 924866.0;8.72;-57.22;-80.024;238.139
1780 ; 925993.0;8.53;-56.42;-76.684;234.947
1780 ; 927120.0;8.57;-56.37;-76.982;187.552
1780 ; 928145.0;8.46;-57.23;-78.899;237.471
1780 ; 929374.0;8.56;-56.49;-78.332;232.353
1780 ; 930501.0;8.56;-57.13;-76.746;196.136
1780 ; 931627.0;8.53;-57.28;-76.985;244.778
1780 ; 932755.0;8.55;-57.28;-78.485;157.5
1780 ; 933882.0;8.38;-57.23;-78.204;197.962
1780 ; 935009.0;8.64;-57.56;-78.73;139.036
1780 ; 936136.0;8.7;-57.57;-75.507;231.778
1780 ; 937161.0;8.69;-57.41;-77.32;216.702
1780 ; 938390.0;8.39;-56.99;-77.866;222.675
1780 ; 939517.0;8.53;-57.36;-77.606;164.777
1780 ; 940643.0;8.39;-56.23;-78.74;144.907
1780 ; 941771.0;8.7;-56.9;-79.747;261.172
1780 ; 942898.0;8.67;-56.48;-78.994;170.144
1780 ; 944025.0;8.69;-56.39;-77.356;210.762
1780 ; 945152.0;8.64;-57.12;-77.041;232.224
1780 ; 946279.0;8.67;-56.58;-77.085;185.031
1780 ; 947406.0;8.51;-56.92;-78.201;167.02
1780 ; 948533.0;8.52;-57.03;-78.114;226.625
1780 ; 949659.0;8.73;-57.18;-77.229;220.095
1780 ; 950787.0;8.68;-57.56;-80.132;257.926
1780 ; 951812.0;8.51;-56.6;-76.651;247.722
1780 ; 953041.0;8.56;-56.61;-75.992;216.013
1780 ; 954168.0;8.65;-57.46;-77.472;200.929
1780 ; 955295.0;8.66;-57.0;-76.772;239.444
1780 ; 956422.0;8.42;-55.63;-77.33;219.312
1780 ; 957549.0;8.64;-56.91;-76.848;182.163
1780 ; 958676.0;8.58;-56.75;-77.41;196.033
1780 ; 959803.0;8.51;-56.8;-76.984;231.079
1780 ; 960929.0;8.65;-55.62;-76.721;180.5
1780 ; 962057.0;8.67;-56.61;-76.786;175.15
1780 ; 963184.0;8.48;-56.77;-76.172;174.11
1780 ; 964311.0;8.71;-56.79;-76.393;232.778
1780 ; 965437.0;8.68;-57.13;-76.206;224.263
1780 ; 966565.0;8.48;-57.02;-78.294;205.837
1780 ; 967692.0;8.52;-56.0;-78.374;155.427
1780 ; 968819.0;8.66;-56.9;-77.553;246.353
1780 ; 969946.0;8.55;-56.26;-77.315;181.51
1780 ; 971073.0;8.4;-55.53;-80.009;182.1
1780 ; 972200.0;8.56;-56.76;-76.968;195.784
1780 ; 973327.0;8.7;-56.86;-76.716;217.329
1780 ; 974454.0;8.39;-56.57;-76.173;221.171
1780 ; 975479.0;8.69;-56.64;-78.291;162.719
1780 ; 976709.0;8.62;-57.02;-76.343;207.113
1780 ; 977836.0;8.38;-57.56;-77.465;198.932
1780 ; 978963.0;8.35;-57.51;-76.455;197.761
1780 ; 980090.0;8.68;-57.15;-77.96;199.262
1780 ; 981217.0;8.69;-56.74;-76.676;255.426
1780 ; 982344.0;8.53;-57.36;-77.075;183.5
1780 ; 983471.0;8.7;-57.41;-76.072;256.824
1780 ; 984598.0;8.52;-56.15;-75.691;201.341
1780 ; 985725.0;8.74;-56.27;-76.188;270.109
1780 ; 986852.0;8.52;-56.89;-76.726;265.559
1780 ; 987979.0;8.35;-56.94;-78.266;180.398
1780 ; 989106.0;8.59;-56.81;-78.234;173.815
1780 ; 990232.0;8.5;-56.94;-78.005;236.141
1780 ; 991360.0;8.67;-57.55;-76.447;209.75
1780 ; 992487.0;8.54;-57.5;-76.653;223.35
1780 ; 993512.0;8.38;-56.67;-77.462;234.279
1780 ; 994740.0;8.68;-57.6;-74.978;195.274
1780 ; 995867.0;8.68;-57.1;-78.776;209.95
1780 ; 996994.0;8.66;-57.11;-75.76;220.816
1780 ; 998122.0;8.54;-57.53;-76.02;193.67
1780 ; 999147.0;8.66;-57.02;-78.631;217.278
1780 ; 1000376.0;8.56;-57.42;-75.924;263.531
1780 ; 1001503.0;8.55;-57.25;-79.392;253.853
1780 ; 1002630.0;8.68;-57.42;-76.192;207.774
1780 ; 1003757.0;8.5;-57.75;-76.252;237.0
1780 ; 1004884.0;8.61;-57.95;-78.313;226.972
1780 ; 1006011.0;8.5;-57.78;-78.097;207.663
1780 ; 1007138.0;8.53;-57.83;-78.031;228.042
1780 ; 1008265.0;8.53;-57.89;-77.341;220.211
1780 ; 1009392.0;8.71;-57.71;-75.536;261.203
1780 ; 1010519.0;8.56;-57.7;-78.66;155.7
1780 ; 1011645.0;8.52;-57.83;-77.067;236.861
1780 ; 1012773.0;8.58;-56.66;-76.934;229.625
1780 ; 1013900.0;8.52;-56.94;-76.689;192.446
1780 ; 1015027.0;8.66;-57.58;-76.468;196.957
1780 ; 1016154.0;8.53;-56.05;-77.323;240.763
1780 ; 1017281.0;8.68;-56.98;-78.245;228.375
1780 ; 1018408.0;8.51;-56.01;-78.779;144.09
1780 ; 1019535.0;8.39;-56.26;-77.783;155.317
1780 ; 1020662.0;8.55;-56.62;-76.413;301.767
1780 ; 1021789.0;8.68;-57.23;-76.446;265.953
1780 ; 1022814.0;8.68;-57.26;-76.442;275.567
1780 ; 1024044.0;8.65;-57.45;-76.562;234.375
1780 ; 1024863.0;8.62;-63.77;-76.018;312.554
1780 ; 1026195.0;8.4;-57.11;-76.304;281.453
1780 ; 1027424.0;8.51;-56.64;-77.194;191.898
1780 ; 1028552.0;8.67;-57.0;-77.085;245.882
1780 ; 1029679.0;8.5;-56.85;-77.526;248.044
1780 ; 1030806.0;8.54;-57.01;-76.386;267.391
1780 ; 1031933.0;8.64;-57.14;-78.022;226.25
1780 ; 1033060.0;8.51;-56.48;-77.952;259.618
1780 ; 1034188.0;8.72;-56.75;-77.053;229.288
1780 ; 1035315.0;8.5;-57.48;-76.559;229.184
1780 ; 1036442.0;8.64;-57.63;-76.665;213.913
1780 ; 1037569.0;8.39;-57.19;-77.376;163.183
1780 ; 1038697.0;8.58;-56.59;-75.449;210.012
1780 ; 1039823.0;8.36;-56.04;-76.721;226.9
1780 ; 1040951.0;8.71;-56.5;-76.794;221.438
1780 ; 1041977.0;8.58;-56.58;-76.719;234.0
1780 ; 1043206.0;8.67;-57.37;-78.279;205.053
1780 ; 1044333.0;8.53;-56.26;-78.023;186.193
1780 ; 1045460.0;8.52;-56.01;-76.285;230.556
1780 ; 1046281.0;8.54;-56.79;-76.269;275.609
1780 ; 1047715.0;8.52;-56.38;-77.645;221.975
1780 ; 1048842.0;8.53;-57.18;-76.213;261.797
1780 ; 1049969.0;8.41;-56.0;-78.563;168.76
1780 ; 1051097.0;8.54;-56.92;-76.4;315.446
1780 ; 1052224.0;8.65;-56.73;-76.186;299.661
1780 ; 1053351.0;8.51;-56.95;-77.764;242.0
1780 ; 1054479.0;8.44;-55.93;-77.669;197.148
1780 ; 1055605.0;8.46;-56.42;-76.211;196.946
1780 ; 1056733.0;8.43;-56.19;-76.365;169.66
1780 ; 1057758.0;8.72;-57.44;-77.269;197.716
1780 ; 1058988.0;8.66;-57.75;-76.646;196.886
1780 ; 1060115.0;8.54;-56.37;-76.358;243.926
1780 ; 1061242.0;8.52;-57.51;-76.096;257.125
1780 ; 1062369.0;8.56;-56.86;-77.301;256.853
1780 ; 1063497.0;8.52;-56.77;-76.697;179.533
1780 ; 1064625.0;8.51;-56.25;-77.078;216.512
1780 ; 1065753.0;8.45;-90.21;-77.84;193.773
1780 ; 1066881.0;8.55;-57.08;-76.34;262.031
1780 ; 1068008.0;8.57;-57.12;-77.303;187.188
1780 ; 1069135.0;8.52;-57.36;-76.806;237.408
1780 ; 1070160.0;8.54;-57.82;-76.479;215.475
1780 ; 1071389.0;8.56;-55.39;-77.036;217.289
1780 ; 1072516.0;8.7;-57.73;-76.388;202.966
1780 ; 1073642.0;8.38;-56.96;-76.038;197.702
1780 ; 1074770.0;8.57;-57.21;-78.01;174.352
1780 ; 1075897.0;8.7;-56.42;-77.031;191.457
1780 ; 1077024.0;8.68;-56.56;-77.731;171.359
1780 ; 1078151.0;8.7;-57.53;-76.478;199.179
1780 ; 1079277.0;8.4;-56.25;-76.93;212.788
1780 ; 1080405.0;8.68;-57.04;-77.644;205.42
1780 ; 1081532.0;8.41;-57.4;-77.765;218.325
